{
    "model_name": "Logistic Regression",
    "threshold": 0.4,
    "accuracy": 0.8154761904761905,
    "precision": 0.7789473684210526,
    "recall": 0.8809523809523809,
    "f1_score": 0.8268156424581006,
    "roc_auc": 0.8878259637188207,
    "confusion_matrix": {
        "true_negative": 126,
        "false_positive": 42,
        "false_negative": 20,
        "true_positive": 148
    }
}